{"objects": [1, 2], "object_poses": {"1": [[0.8866547901548677, 0.11758186073527348, 0.4472334839001513, -0.43675035688515784], [0.0540899211127305, 0.934124582814933, -0.35282509011527935, 0.0779331772687591], [-0.4592576221789412, 0.33702488010066695, 0.8218860423828133, 1.0397473623407998], [0.0, 0.0, 0.0, 1.0]], "2": [[0.9730128006727062, -0.22603087058409374, 0.046434203665630405, -0.005509902058899119], [0.22816140900176482, 0.9123482203979284, -0.33994572534312684, 0.13316243384059204], [0.034474065170717584, 0.3413660356270597, 0.9392980190285101, 0.6481352768247463], [0.0, 0.0, 0.0, 1.0]]}}